/*!40101 SET NAMES utf8 */;

ALTER TABLE SYS_USERS auto_increment = 10 ;
ALTER TABLE SYS_GROUPS auto_increment = 10 ;
ALTER TABLE SYS_MENUS auto_increment = 50 ;
ALTER TABLE SYS_GROUP_MENUS auto_increment = 50 ;
ALTER TABLE SYS_DATA_DICTIONARY auto_increment = 50 ;

INSERT INTO SYS_MENUS(ID,PARENTID,MENUNAME,URL,MENUORDER,ICONCLASS,TRANCODE,ISHIDDEN) VALUES (1,null,'我的桌面',null,1,'icon1',null,null) ;
INSERT INTO SYS_MENUS(ID,PARENTID,MENUNAME,URL,MENUORDER,ICONCLASS,TRANCODE,ISHIDDEN) VALUES (2,null,'企业管理',null,2,'icon2',null,null) ;
INSERT INTO SYS_MENUS(ID,PARENTID,MENUNAME,URL,MENUORDER,ICONCLASS,TRANCODE,ISHIDDEN) VALUES (3,null,'业务维护',null,3,'icon3',null,null) ;
INSERT INTO SYS_MENUS(ID,PARENTID,MENUNAME,URL,MENUORDER,ICONCLASS,TRANCODE,ISHIDDEN) VALUES (4,null,'系统设置',null,4,'icon4',null,null) ;

INSERT INTO SYS_MENUS(ID,PARENTID,MENUNAME,URL,MENUORDER,ICONCLASS,TRANCODE,ISHIDDEN) VALUES (5,1,'我的桌面','desktop.jsp',1,'fa fa-desktop',null,null) ;
INSERT INTO SYS_MENUS(ID,PARENTID,MENUNAME,URL,MENUORDER,ICONCLASS,TRANCODE,ISHIDDEN) VALUES (6,1,'消息列表','sys/sysmsg.jsp',2,'fa fa-newspaper-o',null,null) ;
INSERT INTO SYS_MENUS(ID,PARENTID,MENUNAME,URL,MENUORDER,ICONCLASS,TRANCODE,ISHIDDEN) VALUES (7,1,'待审企业','company/companyAudit.jsp',3,'fa fa-random',null,null) ;
INSERT INTO SYS_MENUS(ID,PARENTID,MENUNAME,URL,MENUORDER,ICONCLASS,TRANCODE,ISHIDDEN) VALUES (8,1,'待审资料员','documentor/documentorAudit.jsp',4,'fa fa-users',null,null) ;
INSERT INTO SYS_MENUS(ID,PARENTID,MENUNAME,URL,MENUORDER,ICONCLASS,TRANCODE,ISHIDDEN) VALUES (9,1,'登录日志','sys/registerLog.jsp',5,'fa fa-file-archive-o',null,null) ;

INSERT INTO SYS_MENUS(ID,PARENTID,MENUNAME,URL,MENUORDER,ICONCLASS,TRANCODE,ISHIDDEN) VALUES (10,2,'企业管理','company/companyList.jsp',1,'fa fa-th-list',null,null) ;
INSERT INTO SYS_MENUS(ID,PARENTID,MENUNAME,URL,MENUORDER,ICONCLASS,TRANCODE,ISHIDDEN) VALUES (11,2,'资料员管理','documentor/documentorList.jsp',2,'fa fa-user-plus',null,null) ;
INSERT INTO SYS_MENUS(ID,PARENTID,MENUNAME,URL,MENUORDER,ICONCLASS,TRANCODE,ISHIDDEN) VALUES (12,2,'采集进度','company/dataFeedback.jsp',3,'fa fa-exchange',null,null) ;

INSERT INTO SYS_MENUS(ID,PARENTID,MENUNAME,URL,MENUORDER,ICONCLASS,TRANCODE,ISHIDDEN) VALUES (13,3,'档案库维护','business/library.jsp',1,'fa fa-cogs',null,null) ;
INSERT INTO SYS_MENUS(ID,PARENTID,MENUNAME,URL,MENUORDER,ICONCLASS,TRANCODE,ISHIDDEN) VALUES (14,3,'表格维护','business/formsfiles.jsp',2,'fa fa-table',null,null) ;
INSERT INTO SYS_MENUS(ID,PARENTID,MENUNAME,URL,MENUORDER,ICONCLASS,TRANCODE,ISHIDDEN) VALUES (15,3,'业务规则','business/businessRule.jsp',3,'fa fa-expeditedssl',null,null) ;
INSERT INTO SYS_MENUS(ID,PARENTID,MENUNAME,URL,MENUORDER,ICONCLASS,TRANCODE,ISHIDDEN) VALUES (16,3,'参数配置','business/config.jsp',4,'fa fa-database',null,null) ;
INSERT INTO SYS_MENUS(ID,PARENTID,MENUNAME,URL,MENUORDER,ICONCLASS,TRANCODE,ISHIDDEN) VALUES (17,3,'版本配置','business/ruleVersion.jsp',5,'fa fa-life-ring',null,null) ;
INSERT INTO SYS_MENUS(ID,PARENTID,MENUNAME,URL,MENUORDER,ICONCLASS,TRANCODE,ISHIDDEN) VALUES (18,3,'版本发布','business/version.jsp',6,'fa fa-briefcase',null,null) ;

INSERT INTO SYS_MENUS(ID,PARENTID,MENUNAME,URL,MENUORDER,ICONCLASS,TRANCODE,ISHIDDEN) VALUES (19,4,'用户管理','sys/sysUser.jsp',1,'fa fa-odnoklassniki',null,null) ;
INSERT INTO SYS_MENUS(ID,PARENTID,MENUNAME,URL,MENUORDER,ICONCLASS,TRANCODE,ISHIDDEN) VALUES (20,4,'部门管理','sys/sysDepartment.jsp',2,'fa fa-object-ungroup',null,null) ;
INSERT INTO SYS_MENUS(ID,PARENTID,MENUNAME,URL,MENUORDER,ICONCLASS,TRANCODE,ISHIDDEN) VALUES (21,4,'岗位管理','sys/sysPosition.jsp',3,'fa fa-empire',null,null) ;
INSERT INTO SYS_MENUS(ID,PARENTID,MENUNAME,URL,MENUORDER,ICONCLASS,TRANCODE,ISHIDDEN) VALUES (22,4,'角色管理','sys/sysRole.jsp',4,'fa fa-tripadvisor',null,null) ;
INSERT INTO SYS_MENUS(ID,PARENTID,MENUNAME,URL,MENUORDER,ICONCLASS,TRANCODE,ISHIDDEN) VALUES (23,4,'菜单管理','sys/sysMenu.jsp',5,'fa fa-bars',null,null) ;
INSERT INTO SYS_MENUS(ID,PARENTID,MENUNAME,URL,MENUORDER,ICONCLASS,TRANCODE,ISHIDDEN) VALUES (24,4,'数据字典','sys/sysDictionary.jsp',6,'fa fa-cubes',null,null) ;
INSERT INTO SYS_MENUS(ID,PARENTID,MENUNAME,URL,MENUORDER,ICONCLASS,TRANCODE,ISHIDDEN) VALUES (25,4,'系统日志','sys/sysLog.jsp',7,'fa fa-database',null,null) ;

INSERT INTO SYS_DEPARTMENTS(ID, PARENTID, DEPARTMENTNAME, DEPARTMENTDESC, DISPORDER, CREATEDATE) VALUES('1',NULL,'网域科技','网域科技','1','2016-03-21');
INSERT INTO SYS_DEPARTMENTS(ID, PARENTID, DEPARTMENTNAME, DEPARTMENTDESC, DISPORDER, CREATEDATE) VALUES('2','1','软件事业部','软件事业部','2','2016-03-21');
INSERT INTO SYS_DEPARTMENTS(ID, PARENTID, DEPARTMENTNAME, DEPARTMENTDESC, DISPORDER, CREATEDATE) VALUES('3','1','网络工程部','网络工程部','3','2016-03-21');

INSERT INTO SYS_USERS(ID, USERNAME, LOGINNAME, PASSWORD, DEPARTID,CREATEDATE, STATUS, DISPORDER) VALUES(1, '管理员', 'admin', 'd7afde3e7059cd0a0fe09eec4b0008cd', 2, NOW(), 'A', 999);
INSERT INTO SYS_USERS(ID, USERNAME, LOGINNAME, PASSWORD, DEPARTID,CREATEDATE, STATUS, DISPORDER) VALUES(2, '苗耿', 'miaogeng', '14e1b600b1fd579f47433b88e8d85291', 2, NOW(), 'A', 998);
INSERT INTO SYS_USERS(ID, USERNAME, LOGINNAME, PASSWORD, DEPARTID,CREATEDATE, STATUS, DISPORDER) VALUES(3, '张旭', 'zhangxu', '14e1b600b1fd579f47433b88e8d85291', 2, NOW(), 'A', 997);


INSERT INTO SYS_GROUPS (ID, GROUPNAME, MEMO) VALUES(1, '系统超级管理员', '系统级权限') ;
INSERT INTO SYS_GROUPS (ID, GROUPNAME, MEMO) VALUES(2, '管理员', '管理员') ;
INSERT INTO SYS_GROUPS (ID, GROUPNAME, MEMO) VALUES(3, '审核', '审核') ;


INSERT INTO SYS_USER_GROUPS (USERID, GROUPID) VALUES(1, 1) ;
INSERT INTO SYS_USER_GROUPS (USERID, GROUPID) VALUES(2, 2) ;
INSERT INTO SYS_USER_GROUPS (USERID, GROUPID) VALUES(3, 3) ;

INSERT INTO SYS_GROUP_MENUS (ID, GROUPID, MENUID) VALUES (1, 1, 5) ;
INSERT INTO SYS_GROUP_MENUS (ID, GROUPID, MENUID) VALUES (2, 1, 6) ;
INSERT INTO SYS_GROUP_MENUS (ID, GROUPID, MENUID) VALUES (3, 1, 7) ;
INSERT INTO SYS_GROUP_MENUS (ID, GROUPID, MENUID) VALUES (4, 1, 8) ;
INSERT INTO SYS_GROUP_MENUS (ID, GROUPID, MENUID) VALUES (5, 1, 9) ;
INSERT INTO SYS_GROUP_MENUS (ID, GROUPID, MENUID) VALUES (6, 1, 10) ;
INSERT INTO SYS_GROUP_MENUS (ID, GROUPID, MENUID) VALUES (7, 1, 11) ;
INSERT INTO SYS_GROUP_MENUS (ID, GROUPID, MENUID) VALUES (8, 1, 12) ;
INSERT INTO SYS_GROUP_MENUS (ID, GROUPID, MENUID) VALUES (9, 1, 13) ;
INSERT INTO SYS_GROUP_MENUS (ID, GROUPID, MENUID) VALUES (10, 1, 14) ;
INSERT INTO SYS_GROUP_MENUS (ID, GROUPID, MENUID) VALUES (11, 1, 15) ;
INSERT INTO SYS_GROUP_MENUS (ID, GROUPID, MENUID) VALUES (12, 1, 16) ;
INSERT INTO SYS_GROUP_MENUS (ID, GROUPID, MENUID) VALUES (13, 1, 17) ;
INSERT INTO SYS_GROUP_MENUS (ID, GROUPID, MENUID) VALUES (14, 1, 18) ;
INSERT INTO SYS_GROUP_MENUS (ID, GROUPID, MENUID) VALUES (15, 1, 19) ;
INSERT INTO SYS_GROUP_MENUS (ID, GROUPID, MENUID) VALUES (16, 1, 20) ;
INSERT INTO SYS_GROUP_MENUS (ID, GROUPID, MENUID) VALUES (17, 1, 21) ;
INSERT INTO SYS_GROUP_MENUS (ID, GROUPID, MENUID) VALUES (18, 1, 22) ;
INSERT INTO SYS_GROUP_MENUS (ID, GROUPID, MENUID) VALUES (19, 1, 23) ;
INSERT INTO SYS_GROUP_MENUS (ID, GROUPID, MENUID) VALUES (20, 1, 24) ;
INSERT INTO SYS_GROUP_MENUS (ID, GROUPID, MENUID) VALUES (21, 1, 25) ;

INSERT INTO SYS_GROUP_MENUS (ID, GROUPID, MENUID) VALUES (22, 2, 5) ;
INSERT INTO SYS_GROUP_MENUS (ID, GROUPID, MENUID) VALUES (23, 2, 6) ;
INSERT INTO SYS_GROUP_MENUS (ID, GROUPID, MENUID) VALUES (24, 2, 7) ;
INSERT INTO SYS_GROUP_MENUS (ID, GROUPID, MENUID) VALUES (25, 2, 8) ;
INSERT INTO SYS_GROUP_MENUS (ID, GROUPID, MENUID) VALUES (26, 2, 9) ;
INSERT INTO SYS_GROUP_MENUS (ID, GROUPID, MENUID) VALUES (27, 2, 10) ;
INSERT INTO SYS_GROUP_MENUS (ID, GROUPID, MENUID) VALUES (28, 2, 11) ;
INSERT INTO SYS_GROUP_MENUS (ID, GROUPID, MENUID) VALUES (29, 2, 12) ;
INSERT INTO SYS_GROUP_MENUS (ID, GROUPID, MENUID) VALUES (30, 2, 13) ;
INSERT INTO SYS_GROUP_MENUS (ID, GROUPID, MENUID) VALUES (31, 2, 14) ;
INSERT INTO SYS_GROUP_MENUS (ID, GROUPID, MENUID) VALUES (32, 2, 15) ;
INSERT INTO SYS_GROUP_MENUS (ID, GROUPID, MENUID) VALUES (33, 2, 16) ;
INSERT INTO SYS_GROUP_MENUS (ID, GROUPID, MENUID) VALUES (34, 2, 17) ;
INSERT INTO SYS_GROUP_MENUS (ID, GROUPID, MENUID) VALUES (35, 2, 18) ;
INSERT INTO SYS_GROUP_MENUS (ID, GROUPID, MENUID) VALUES (36, 2, 19) ;
INSERT INTO SYS_GROUP_MENUS (ID, GROUPID, MENUID) VALUES (37, 2, 23) ;
INSERT INTO SYS_GROUP_MENUS (ID, GROUPID, MENUID) VALUES (38, 2, 24) ;
INSERT INTO SYS_GROUP_MENUS (ID, GROUPID, MENUID) VALUES (39, 2, 25) ;

INSERT INTO SYS_GROUP_MENUS (ID, GROUPID, MENUID) VALUES (40, 3, 5) ;
INSERT INTO SYS_GROUP_MENUS (ID, GROUPID, MENUID) VALUES (41, 3, 6) ;
INSERT INTO SYS_GROUP_MENUS (ID, GROUPID, MENUID) VALUES (42, 3, 7) ;
INSERT INTO SYS_GROUP_MENUS (ID, GROUPID, MENUID) VALUES (43, 3, 8) ;
INSERT INTO SYS_GROUP_MENUS (ID, GROUPID, MENUID) VALUES (44, 3, 9) ;
INSERT INTO SYS_GROUP_MENUS (ID, GROUPID, MENUID) VALUES (45, 3, 10) ;
INSERT INTO SYS_GROUP_MENUS (ID, GROUPID, MENUID) VALUES (46, 3, 11) ;



INSERT INTO SYS_DATA_DICTIONARY (ID, PARENTID, DATAVALUE, DATANAME, DESCRIPTION, DISPTYPE, DISPORDER, EXTENDDATA) VALUES('1',NULL,NULL,'系统参数',NULL,NULL,NULL,NULL);

INSERT INTO SYS_DATA_DICTIONARY (ID, PARENTID, DATAVALUE, DATANAME, DESCRIPTION, DISPTYPE, DISPORDER, EXTENDDATA) VALUES('2','1','position_identify','岗位',NULL,NULL,NULL,NULL);
INSERT INTO SYS_DATA_DICTIONARY (ID, PARENTID, DATAVALUE, DATANAME, DESCRIPTION, DISPTYPE, DISPORDER, EXTENDDATA) VALUES('3','2','employee','员工',NULL,NULL,NULL,NULL);
INSERT INTO SYS_DATA_DICTIONARY (ID, PARENTID, DATAVALUE, DATANAME, DESCRIPTION, DISPTYPE, DISPORDER, EXTENDDATA) VALUES('4','2','manager','经理',NULL,NULL,NULL,NULL);
INSERT INTO SYS_DATA_DICTIONARY (ID, PARENTID, DATAVALUE, DATANAME, DESCRIPTION, DISPTYPE, DISPORDER, EXTENDDATA) VALUES('5','2','TeamLeader','组长',NULL,NULL,NULL,NULL);

INSERT INTO SYS_DATA_DICTIONARY (ID, PARENTID, DATAVALUE, DATANAME, DESCRIPTION, DISPTYPE, DISPORDER, EXTENDDATA) VALUES('6',NULL,NULL,'企业参数',NULL,NULL,NULL,NULL);

INSERT INTO SYS_DATA_DICTIONARY (ID, PARENTID, DATAVALUE, DATANAME, DESCRIPTION, DISPTYPE, DISPORDER, EXTENDDATA) VALUES('7','6','documentor_post','职称',NULL,NULL,NULL,NULL);
INSERT INTO SYS_DATA_DICTIONARY (ID, PARENTID, DATAVALUE, DATANAME, DESCRIPTION, DISPTYPE, DISPORDER, EXTENDDATA) VALUES('8','7','助理工程师','助理工程师',NULL,NULL,NULL,NULL);
INSERT INTO SYS_DATA_DICTIONARY (ID, PARENTID, DATAVALUE, DATANAME, DESCRIPTION, DISPTYPE, DISPORDER, EXTENDDATA) VALUES('9','7','工程师','工程师',NULL,NULL,NULL,NULL);
INSERT INTO SYS_DATA_DICTIONARY (ID, PARENTID, DATAVALUE, DATANAME, DESCRIPTION, DISPTYPE, DISPORDER, EXTENDDATA) VALUES('10','7','技术员','技术员',NULL,NULL,NULL,NULL);
INSERT INTO SYS_DATA_DICTIONARY (ID, PARENTID, DATAVALUE, DATANAME, DESCRIPTION, DISPTYPE, DISPORDER, EXTENDDATA) VALUES('11','7','高级工程师','高级工程师',NULL,NULL,NULL,NULL);
INSERT INTO SYS_DATA_DICTIONARY (ID, PARENTID, DATAVALUE, DATANAME, DESCRIPTION, DISPTYPE, DISPORDER, EXTENDDATA) VALUES('12','7','其它','其它',NULL,NULL,NULL,NULL);

INSERT INTO SYS_DATA_DICTIONARY (ID, PARENTID, DATAVALUE, DATANAME, DESCRIPTION, DISPTYPE, DISPORDER, EXTENDDATA) VALUES('13','6','enterprise_type','企业类型',NULL,NULL,NULL,NULL);
INSERT INTO SYS_DATA_DICTIONARY (ID, PARENTID, DATAVALUE, DATANAME, DESCRIPTION, DISPTYPE, DISPORDER, EXTENDDATA) VALUES('14','13','有限责任公司(自然人投资或控股)','有限责任公司(自然人投资或控股)',NULL,NULL,NULL,NULL);
INSERT INTO SYS_DATA_DICTIONARY (ID, PARENTID, DATAVALUE, DATANAME, DESCRIPTION, DISPTYPE, DISPORDER, EXTENDDATA) VALUES('15','13','股份有限公司','股份有限公司',NULL,NULL,NULL,NULL);
INSERT INTO SYS_DATA_DICTIONARY (ID, PARENTID, DATAVALUE, DATANAME, DESCRIPTION, DISPTYPE, DISPORDER, EXTENDDATA) VALUES('16','13','个人独资企业','个人独资企业',NULL,NULL,NULL,NULL);
INSERT INTO SYS_DATA_DICTIONARY (ID, PARENTID, DATAVALUE, DATANAME, DESCRIPTION, DISPTYPE, DISPORDER, EXTENDDATA) VALUES('17','13','合伙企业','合伙企业',NULL,NULL,NULL,NULL);
INSERT INTO SYS_DATA_DICTIONARY (ID, PARENTID, DATAVALUE, DATANAME, DESCRIPTION, DISPTYPE, DISPORDER, EXTENDDATA) VALUES('18','13','全民所有制企业','全民所有制企业',NULL,NULL,NULL,NULL);
INSERT INTO SYS_DATA_DICTIONARY (ID, PARENTID, DATAVALUE, DATANAME, DESCRIPTION, DISPTYPE, DISPORDER, EXTENDDATA) VALUES('19','13','集体所有制企业','集体所有制企业',NULL,NULL,NULL,NULL);
INSERT INTO SYS_DATA_DICTIONARY (ID, PARENTID, DATAVALUE, DATANAME, DESCRIPTION, DISPTYPE, DISPORDER, EXTENDDATA) VALUES('20','13','农民专业合作社','农民专业合作社',NULL,NULL,NULL,NULL);

INSERT INTO SYS_DATA_DICTIONARY (ID, PARENTID, DATAVALUE, DATANAME, DESCRIPTION, DISPTYPE, DISPORDER, EXTENDDATA) VALUES('21','6','professional_list','专业分类',NULL,NULL,NULL,NULL);
INSERT INTO SYS_DATA_DICTIONARY (ID, PARENTID, DATAVALUE, DATANAME, DESCRIPTION, DISPTYPE, DISPORDER, EXTENDDATA) VALUES('22','21','1','外部电源',NULL,NULL,NULL,NULL);
INSERT INTO SYS_DATA_DICTIONARY (ID, PARENTID, DATAVALUE, DATANAME, DESCRIPTION, DISPTYPE, DISPORDER, EXTENDDATA) VALUES('23','21','2','机电系统',NULL,NULL,NULL,NULL);
INSERT INTO SYS_DATA_DICTIONARY (ID, PARENTID, DATAVALUE, DATANAME, DESCRIPTION, DISPTYPE, DISPORDER, EXTENDDATA) VALUES('24','21','3','安装装修',NULL,NULL,NULL,NULL);
INSERT INTO SYS_DATA_DICTIONARY (ID, PARENTID, DATAVALUE, DATANAME, DESCRIPTION, DISPTYPE, DISPORDER, EXTENDDATA) VALUES('25','21','4','土建',NULL,NULL,NULL,NULL);
INSERT INTO SYS_DATA_DICTIONARY (ID, PARENTID, DATAVALUE, DATANAME, DESCRIPTION, DISPTYPE, DISPORDER, EXTENDDATA) VALUES('26','21','5','设备采购',NULL,NULL,NULL,NULL);
INSERT INTO SYS_DATA_DICTIONARY (ID, PARENTID, DATAVALUE, DATANAME, DESCRIPTION, DISPTYPE, DISPORDER, EXTENDDATA) VALUES('27','21','6','合同',NULL,NULL,NULL,NULL);
INSERT INTO SYS_DATA_DICTIONARY (ID, PARENTID, DATAVALUE, DATANAME, DESCRIPTION, DISPTYPE, DISPORDER, EXTENDDATA) VALUES('28','21','7','招投标',NULL,NULL,NULL,NULL);
INSERT INTO SYS_DATA_DICTIONARY (ID, PARENTID, DATAVALUE, DATANAME, DESCRIPTION, DISPTYPE, DISPORDER, EXTENDDATA) VALUES('29','21','8','设计(施工图、初设)',NULL,NULL,NULL,NULL);
INSERT INTO SYS_DATA_DICTIONARY (ID, PARENTID, DATAVALUE, DATANAME, DESCRIPTION, DISPTYPE, DISPORDER, EXTENDDATA) VALUES('30','21','9','勘察',NULL,NULL,NULL,NULL);
INSERT INTO SYS_DATA_DICTIONARY (ID, PARENTID, DATAVALUE, DATANAME, DESCRIPTION, DISPTYPE, DISPORDER, EXTENDDATA) VALUES('31','21','10','征地拆迁或管线改迁',NULL,NULL,NULL,NULL);
INSERT INTO SYS_DATA_DICTIONARY (ID, PARENTID, DATAVALUE, DATANAME, DESCRIPTION, DISPTYPE, DISPORDER, EXTENDDATA) VALUES('32','21','11','立项',NULL,NULL,NULL,NULL);

INSERT INTO SYS_DATA_DICTIONARY (ID, PARENTID, DATAVALUE, DATANAME, DESCRIPTION, DISPTYPE, DISPORDER, EXTENDDATA) VALUES('33','6','construction_division_idea','审定意见',NULL,NULL,NULL,NULL);
INSERT INTO SYS_DATA_DICTIONARY (ID, PARENTID, DATAVALUE, DATANAME, DESCRIPTION, DISPTYPE, DISPORDER, EXTENDDATA) VALUES('34','33','工程处审定意见','工程处审定意见',NULL,NULL,NULL,NULL);
INSERT INTO SYS_DATA_DICTIONARY (ID, PARENTID, DATAVALUE, DATANAME, DESCRIPTION, DISPTYPE, DISPORDER, EXTENDDATA) VALUES('35','33','设备处审定意见','设备处审定意见',NULL,NULL,NULL,NULL);
